document_id,internal_id,source_classification,crime_family,crime_subtype,original_filename,current_path,canonical_status,duplicate_mapping,page_count,sha256
DOC-CASE-2025-SYN-COMM-104-001,CASE-2025-SYN-COMM-104,SYNTHETIC_OR_DEIDENTIFIED_BENCHMARK,CYBER_ENABLED_ECONOMIC_FINANCIAL_CRIME,INVESTMENT_PAYMENT_SCHEME,case 1.pdf,data/case_type_cyber/raw/CASE-2025-SYN-COMM-104/source.pdf,TRUE,,8,da3e7268850bb1f64b75ef436aef972354d1a3edd4a685df5c9d0fc60e6d7567
DOC-CASE-2025-SYN-CYBER-218-001,CASE-2025-SYN-CYBER-218,SYNTHETIC_OR_DEIDENTIFIED_BENCHMARK,CYBER_ENABLED_ECONOMIC_FINANCIAL_CRIME,DIGITAL_LENDING_IMPERSONATION,case2.pdf,data/case_type_cyber/raw/CASE-2025-SYN-CYBER-218/source.pdf,TRUE,,9,0ed8cea4b3f2688c9ffb5463edf3376299979b773c1ec0f3d06aa362a177c490
DOC-CASE-2025-SYN-GOLD-337-001,CASE-2025-SYN-GOLD-337,SYNTHETIC_OR_DEIDENTIFIED_BENCHMARK,CYBER_ENABLED_ECONOMIC_FINANCIAL_CRIME,INVOICE_PAYMENT_DIVERSION,case 3.pdf,data/case_type_cyber/raw/CASE-2025-SYN-GOLD-337/source.pdf,TRUE,,13,2af36cb021d1b2b4870dace7b10256b7e6e9e8a73caef288ea68fa4e2f60b859
DOC-CASE-2026-SYN-PROC-481-001,CASE-2026-SYN-PROC-481,SYNTHETIC_OR_DEIDENTIFIED_BENCHMARK,CYBER_ENABLED_ECONOMIC_FINANCIAL_CRIME,PROCUREMENT_PAYMENT_IRREGULARITY,case4.pdf,data/case_type_cyber/raw/CASE-2026-SYN-PROC-481/source.pdf,TRUE,,15,a00a6db3e50a297f653a138a0e8a0386f57b752080a36c80a727e705b219f5a4
DOC-CASE-2026-SYN-LAND-592-001,CASE-2026-SYN-LAND-592,SYNTHETIC_OR_DEIDENTIFIED_BENCHMARK,CYBER_ENABLED_ECONOMIC_FINANCIAL_CRIME,PROPERTY_PAYMENT_SCHEME,case 5.pdf,data/case_type_cyber/raw/CASE-2026-SYN-LAND-592/source.pdf,TRUE,,15,14c0db368838f3033a692dcc8a961f13429bebe4b85278b9f1eeafbf59ff615a
DOC-CASE-2026-SYN-BEC-731-001,CASE-2026-SYN-BEC-731,SYNTHETIC_OR_DEIDENTIFIED_BENCHMARK,CYBER_ENABLED_ECONOMIC_FINANCIAL_CRIME,BUSINESS_EMAIL_COMPROMISE,case7.pdf,data/case_type_cyber/raw/CASE-2026-SYN-BEC-731/source.pdf,TRUE,,15,8b60c172f03b8555a5870cab976e22d03896b3a460677def3dfe2c1f55485eb8
DOC-CASE-2026-SYN-RECRUIT-804-001,CASE-2026-SYN-RECRUIT-804,SYNTHETIC_OR_DEIDENTIFIED_BENCHMARK,CYBER_ENABLED_ECONOMIC_FINANCIAL_CRIME,RECRUITMENT_SCAM,case 8.pdf,data/case_type_cyber/raw/CASE-2026-SYN-RECRUIT-804/source.pdf,TRUE,,16,08930526f9202614a3133672a80c8e96366faf5e49748791899732f7e53235b1
DOC-CASE-2026-SYN-DAR-916-001,CASE-2026-SYN-DAR-916,SYNTHETIC_OR_DEIDENTIFIED_BENCHMARK,CYBER_ENABLED_ECONOMIC_FINANCIAL_CRIME,AUTHORITY_IMPERSONATION,case 9.pdf,data/case_type_cyber/raw/CASE-2026-SYN-DAR-916/source.pdf,TRUE,,15,a2f37faa03f9b1a6cf68f695a0ef19417a077b4e3647d33dd75e9a555c0f953f
DOC-CASE-2026-SYN-LAND-592-002,CASE-2026-SYN-LAND-592,SYNTHETIC_OR_DEIDENTIFIED_BENCHMARK,CYBER_ENABLED_ECONOMIC_FINANCIAL_CRIME,PROPERTY_PAYMENT_SCHEME,case 6.pdf,data/case_type_cyber/duplicates/CASE-2026-SYN-LAND-592__case-6.pdf,FALSE,CASE-2026-SYN-LAND-592,15,2d9dbf921fe62063bb75d70e5ae2f0c6294de41a632e9bffe39aa8b5fac7bc08
